caixa_id,area_total,demanda_atendida
5039,1,Sim
6250,1,Sim
6268,1,Sim
6270,1,Sim
6284,1,Sim
6285,1,Sim
6297,1,Sim
6304,1,Sim
6305,1,Sim
6306,1,Sim
6308,1,Sim
6310,1,Sim
6311,1,Sim
6312,1,Sim
6313,1,Sim
1204,1,Sim
4570,1,Sim
4573,1,Sim
6430,1,Sim
6431,1,Sim
6628,1,Sim
6790,1,Sim
6792,1,Sim
6829,1,Sim
6847,1,Sim
6852,1,Sim
6859,1,Sim
6863,1,Sim
6865,1,Sim
6866,1,Sim
6867,1,Sim
6868,1,Sim
6869,1,Sim
6871,1,Sim
6874,1,Sim
6875,1,Sim
6876,1,Sim
6878,1,Sim
6880,1,Sim
6881,1,Sim
6882,1,Sim
6885,1,Sim
6888,1,Sim
6890,1,Sim
6891,1,Sim
6894,1,Sim
6895,1,Sim
6896,1,Sim
6900,1,Sim
6901,1,Sim
6903,1,Sim
6909,1,Sim
6911,1,Sim
6925,1,Sim
6933,1,Sim
6480,1,Sim
6482,1,Sim
6483,1,Sim
6486,1,Sim
6489,1,Sim
6490,1,Sim
6492,1,Sim
6493,1,Sim
6496,1,Sim
6503,1,Sim
6504,1,Sim
6507,1,Sim
6510,1,Sim
6511,1,Sim
6512,1,Sim
6513,1,Sim
6514,1,Sim
6515,1,Sim
6516,1,Sim
6524,1,Sim
6528,1,Sim
6531,1,Sim
6532,1,Sim
6544,1,Sim
6545,1,Sim
6547,1,Sim
6552,1,Sim
6553,1,Sim
6556,1,Sim
6559,1,Sim
6561,1,Sim
6576,1,Sim
6577,1,Sim
6582,1,Sim
654,1,Sim
655,1,Sim
1072,1,Sim
1074,1,Sim
1076,1,Sim
1077,1,Sim
1078,1,Sim
5945,1,Sim
5955,1,Sim
5957,1,Sim
5958,1,Sim
5959,1,Sim
6646,1,Sim
6647,1,Sim
6654,1,Sim
6656,1,Sim
6657,1,Sim
6664,1,Sim
6677,1,Sim
6684,1,Sim
6690,1,Sim
6702,1,Sim
6714,1,Sim
6715,1,Sim
6717,1,Sim
6769,1,Sim
6770,1,Sim
6772,1,Sim
6774,1,Sim
610,1,Sim
612,1,Sim
613,1,Sim
614,1,Sim
616,1,Sim
617,1,Sim
927,1,Sim
3884,1,Sim
4156,1,Sim
4671,1,Sim
4985,1,Sim
4987,1,Sim
2961,1,Sim
2963,1,Sim
2964,1,Sim
6068,2,Sim
6206,2,Sim
6239,2,Sim
6247,2,Sim
6248,2,Sim
6249,2,Sim
1079,2,Sim
1085,2,Sim
4547,2,Sim
4564,2,Sim
4606,2,Sim
5989,2,Sim
5992,2,Sim
6018,2,Sim
6033,2,Sim
6035,2,Sim
6065,2,Sim
6069,2,Sim
6307,2,Sim
6309,2,Sim
6396,2,Sim
6397,2,Sim
6398,2,Sim
1092,2,Sim
1203,2,Sim
1249,2,Sim
1431,2,Sim
4549,2,Sim
4553,2,Sim
4567,2,Sim
4623,2,Sim
6086,2,Sim
6429,2,Sim
6433,2,Sim
6588,2,Sim
6599,2,Sim
6603,2,Sim
6619,2,Sim
6637,2,Sim
6804,2,Sim
6810,2,Sim
6819,2,Sim
6820,2,Sim
6830,2,Sim
6853,2,Sim
6855,2,Sim
6872,2,Sim
6873,2,Sim
6877,2,Sim
6879,2,Sim
6887,2,Sim
6892,2,Sim
6904,2,Sim
6905,2,Sim
6906,2,Sim
6913,2,Sim
6915,2,Sim
6919,2,Sim
6932,2,Sim
6934,2,Sim
6938,2,Sim
6939,2,Sim
6940,2,Sim
6481,2,Sim
6485,2,Sim
6487,2,Sim
6488,2,Sim
6491,2,Sim
6494,2,Sim
6495,2,Sim
6497,2,Sim
6499,2,Sim
6501,2,Sim
6502,2,Sim
6505,2,Sim
6520,2,Sim
6523,2,Sim
6525,2,Sim
6526,2,Sim
6530,2,Sim
6534,2,Sim
6536,2,Sim
6540,2,Sim
6566,2,Sim
6567,2,Sim
6571,2,Sim
6572,2,Sim
6575,2,Sim
474,2,Sim
475,2,Sim
4255,2,Sim
4257,2,Sim
5921,2,Sim
5922,2,Sim
6645,2,Sim
6648,2,Sim
6651,2,Sim
6653,2,Sim
6662,2,Sim
6663,2,Sim
6665,2,Sim
6666,2,Sim
6667,2,Sim
6669,2,Sim
6670,2,Sim
6672,2,Sim
6674,2,Sim
6678,2,Sim
6679,2,Sim
6689,2,Sim
6693,2,Sim
6699,2,Sim
6724,2,Sim
6730,2,Sim
6747,2,Sim
6748,2,Sim
6750,2,Sim
6752,2,Sim
6759,2,Sim
6761,2,Sim
6764,2,Sim
6767,2,Sim
3873,2,Sim
4983,2,Sim
4984,2,Sim
4986,2,Sim
1027,2,Sim
1035,2,Sim
2958,2,Sim
2959,2,Sim
2960,2,Sim
2965,2,Sim
2966,2,Sim
2968,2,Sim
2969,2,Sim
2970,2,Sim
2971,2,Sim
2972,2,Sim
2974,2,Sim
2975,2,Sim
3220,3,Sim
3236,3,Sim
3249,3,Sim
3598,3,Sim
1192,3,Sim
1217,3,Sim
1253,3,Sim
1433,3,Sim
3217,3,Sim
4558,3,Sim
4601,3,Sim
5974,3,Sim
6066,3,Sim
1180,3,Sim
1191,3,Sim
1199,3,Sim
1303,3,Sim
1714,3,Sim
6161,3,Sim
6165,3,Sim
6166,3,Sim
6207,3,Sim
1081,3,Sim
1297,3,Sim
6026,3,Sim
6028,3,Sim
6064,3,Sim
6267,3,Sim
6280,3,Sim
6288,3,Sim
6290,3,Sim
6291,3,Sim
6298,3,Sim
6303,3,Sim
6318,3,Sim
6375,3,Sim
6381,3,Sim
6384,3,Sim
6393,3,Sim
6399,3,Sim
1168,3,Sim
1172,3,Sim
1174,3,Sim
1176,3,Sim
1194,3,Sim
1299,3,Sim
1434,3,Sim
1810,3,Sim
3234,3,Sim
3235,3,Sim
3262,3,Sim
4550,3,Sim
4554,3,Sim
4557,3,Sim
4560,3,Sim
4566,3,Sim
4579,3,Sim
4589,3,Sim
4602,3,Sim
4604,3,Sim
4620,3,Sim
6174,3,Sim
6183,3,Sim
6586,3,Sim
6591,3,Sim
6594,3,Sim
6595,3,Sim
6600,3,Sim
6613,3,Sim
6629,3,Sim
6630,3,Sim
6642,3,Sim
6785,3,Sim
6796,3,Sim
6800,3,Sim
6808,3,Sim
6813,3,Sim
6814,3,Sim
6815,3,Sim
6816,3,Sim
6821,3,Sim
6823,3,Sim
6827,3,Sim
6831,3,Sim
6840,3,Sim
6845,3,Sim
6848,3,Sim
6850,3,Sim
6851,3,Sim
6854,3,Sim
6856,3,Sim
6861,3,Sim
6870,3,Sim
6907,3,Sim
6910,3,Sim
6912,3,Sim
6916,3,Sim
6917,3,Sim
6920,3,Sim
6929,3,Sim
6931,3,Sim
6937,3,Sim
3859,3,Sim
5060,3,Sim
5065,3,Sim
5075,3,Sim
5782,3,Sim
5809,3,Sim
5820,3,Sim
477,3,Sim
532,3,Sim
1125,3,Sim
1129,3,Sim
1956,3,Sim
1957,3,Sim
2007,3,Sim
4291,3,Sim
4292,3,Sim
4673,3,Sim
6145,3,Sim
2183,3,Sim
2195,3,Sim
3867,3,Sim
3868,3,Sim
3877,3,Sim
3879,3,Sim
3882,3,Sim
4154,3,Sim
4155,3,Sim
1025,3,Sim
2003,3,Sim
2962,3,Sim
2967,3,Sim
2973,3,Sim
1209,3,Sim
1210,3,Sim
516,4,Sim
1831,4,Sim
2607,4,Sim
3214,4,Sim
3215,4,Sim
3218,4,Sim
3221,4,Sim
3222,4,Sim
3241,4,Sim
3242,4,Sim
3244,4,Sim
3257,4,Sim
1083,4,Sim
1086,4,Sim
1162,4,Sim
1175,4,Sim
1216,4,Sim
1295,4,Sim
1306,4,Sim
1430,4,Sim
1432,4,Sim
1821,4,Sim
4165,4,Sim
5990,4,Sim
6004,4,Sim
6006,4,Sim
6010,4,Sim
6060,4,Sim
6076,4,Sim
6147,4,Sim
1055,4,Sim
1063,4,Sim
1161,4,Sim
1164,4,Sim
1167,4,Sim
1179,4,Sim
1211,4,Sim
1301,4,Sim
1808,4,Sim
2869,4,Sim
4548,4,Sim
5983,4,Sim
5995,4,Sim
6085,4,Sim
6167,4,Sim
6181,4,Sim
6188,4,Sim
6191,4,Sim
6192,4,Sim
6215,4,Sim
6224,4,Sim
6231,4,Sim
6244,4,Sim
6251,4,Sim
6259,4,Sim
1080,4,Sim
3128,4,Sim
4569,4,Sim
4593,4,Sim
4597,4,Sim
5996,4,Sim
5998,4,Sim
6042,4,Sim
6044,4,Sim
6321,4,Sim
6322,4,Sim
6373,4,Sim
6377,4,Sim
6379,4,Sim
6404,4,Sim
1157,4,Sim
1166,4,Sim
1169,4,Sim
1173,4,Sim
1178,4,Sim
1181,4,Sim
1230,4,Sim
1232,4,Sim
1237,4,Sim
1251,4,Sim
1254,4,Sim
1256,4,Sim
1274,4,Sim
1278,4,Sim
1296,4,Sim
1298,4,Sim
1396,4,Sim
1397,4,Sim
1427,4,Sim
1435,4,Sim
1826,4,Sim
3223,4,Sim
3227,4,Sim
3240,4,Sim
3246,4,Sim
4551,4,Sim
4563,4,Sim
4568,4,Sim
4571,4,Sim
4576,4,Sim
4577,4,Sim
4581,4,Sim
4585,4,Sim
4608,4,Sim
4624,4,Sim
4625,4,Sim
6611,4,Sim
6614,4,Sim
6626,4,Sim
6639,4,Sim
6784,4,Sim
6801,4,Sim
6803,4,Sim
6805,4,Sim
6806,4,Sim
6817,4,Sim
6836,4,Sim
6839,4,Sim
6857,4,Sim
6860,4,Sim
6862,4,Sim
6864,4,Sim
6893,4,Sim
6902,4,Sim
3736,4,Sim
5763,4,Sim
5789,4,Sim
5796,4,Sim
5798,4,Sim
5801,4,Sim
5815,4,Sim
5834,4,Sim
1184,4,Sim
1189,4,Sim
3108,4,Sim
5073,4,Sim
5780,4,Sim
759,4,Sim
1260,4,Sim
2473,4,Sim
3027,4,Sim
3751,4,Sim
4254,4,Sim
4672,4,Sim
3334,4,Sim
3871,4,Sim
3872,4,Sim
3875,4,Sim
3876,4,Sim
3880,4,Sim
3883,4,Sim
957,4,Sim
2804,4,Sim
538,5,Sim
1195,5,Sim
1346,5,Sim
1446,5,Sim
2596,5,Sim
2605,5,Sim
3090,5,Sim
3250,5,Sim
3254,5,Sim
3258,5,Sim
3270,5,Sim
3398,5,Sim
3400,5,Sim
47,5,Sim
1037,5,Sim
1042,5,Sim
1045,5,Sim
1046,5,Sim
1047,5,Sim
1049,5,Sim
1053,5,Sim
1082,5,Sim
1171,5,Sim
1213,5,Sim
1214,5,Sim
1255,5,Sim
1282,5,Sim
1302,5,Sim
1450,5,Sim
2932,5,Sim
3014,5,Sim
3017,5,Sim
3051,5,Sim
3402,5,Sim
4626,5,Sim
6029,5,Sim
6075,5,Sim
6185,5,Sim
6187,5,Sim
1058,5,Sim
1064,5,Sim
1065,5,Sim
1220,5,Sim
1252,5,Sim
1304,5,Sim
1344,5,Sim
1838,5,Sim
3102,5,Sim
6177,5,Sim
6189,5,Sim
6201,5,Sim
6211,5,Sim
6218,5,Sim
6230,5,Sim
539,5,Sim
1088,5,Sim
1090,5,Sim
3121,5,Sim
3129,5,Sim
4614,5,Sim
6008,5,Sim
6017,5,Sim
6037,5,Sim
6269,5,Sim
6274,5,Sim
6276,5,Sim
6278,5,Sim
6292,5,Sim
6301,5,Sim
6374,5,Sim
515,5,Sim
544,5,Sim
545,5,Sim
573,5,Sim
1154,5,Sim
1158,5,Sim
1159,5,Sim
1160,5,Sim
1170,5,Sim
1197,5,Sim
1212,5,Sim
1226,5,Sim
1235,5,Sim
1236,5,Sim
1250,5,Sim
1275,5,Sim
1279,5,Sim
1280,5,Sim
1290,5,Sim
1293,5,Sim
1300,5,Sim
1398,5,Sim
1424,5,Sim
1512,5,Sim
1812,5,Sim
1823,5,Sim
3231,5,Sim
3259,5,Sim
3260,5,Sim
3269,5,Sim
4562,5,Sim
4565,5,Sim
4574,5,Sim
4583,5,Sim
4599,5,Sim
6794,5,Sim
725,5,Sim
3539,5,Sim
5062,5,Sim
5758,5,Sim
5771,5,Sim
5772,5,Sim
5774,5,Sim
5777,5,Sim
5784,5,Sim
5787,5,Sim
5788,5,Sim
5832,5,Sim
1206,5,Sim
3535,5,Sim
3746,5,Sim
3849,5,Sim
3850,5,Sim
3853,5,Sim
3860,5,Sim
3862,5,Sim
650,5,Sim
783,5,Sim
790,5,Sim
1073,5,Sim
1075,5,Sim
1118,5,Sim
1119,5,Sim
1357,5,Sim
1784,5,Sim
2008,5,Sim
3699,5,Sim
1332,5,Sim
1678,5,Sim
3159,5,Sim
3869,5,Sim
3870,5,Sim
3878,5,Sim
577,5,Sim
578,5,Sim
958,5,Sim
1028,5,Sim
2002,5,Sim
629,6,Sim
1165,6,Sim
1447,6,Sim
1452,6,Sim
1805,6,Sim
1806,6,Sim
3100,6,Sim
3225,6,Sim
3237,6,Sim
3238,6,Sim
3410,6,Sim
3593,6,Sim
3601,6,Sim
3604,6,Sim
928,6,Sim
962,6,Sim
977,6,Sim
1040,6,Sim
1048,6,Sim
1054,6,Sim
1193,6,Sim
1205,6,Sim
1429,6,Sim
1711,6,Sim
1816,6,Sim
2845,6,Sim
2868,6,Sim
2933,6,Sim
6186,6,Sim
1056,6,Sim
1227,6,Sim
1347,6,Sim
1811,6,Sim
1813,6,Sim
1820,6,Sim
3088,6,Sim
6196,6,Sim
1087,6,Sim
1109,6,Sim
4580,6,Sim
6295,6,Sim
6325,6,Sim
574,6,Sim
1094,6,Sim
1196,6,Sim
1202,6,Sim
1223,6,Sim
1231,6,Sim
1276,6,Sim
1284,6,Sim
1288,6,Sim
1342,6,Sim
1401,6,Sim
1809,6,Sim
1818,6,Sim
4591,6,Sim
4600,6,Sim
6403,6,Sim
6432,6,Sim
6477,6,Sim
6478,6,Sim
6479,6,Sim
67,6,Sim
726,6,Sim
1455,6,Sim
1456,6,Sim
2585,6,Sim
3266,6,Sim
3544,6,Sim
3734,6,Sim
3739,6,Sim
1185,6,Sim
3104,6,Sim
3537,6,Sim
3741,6,Sim
3851,6,Sim
3852,6,Sim
3865,6,Sim
786,6,Sim
1123,6,Sim
1126,6,Sim
1262,6,Sim
1783,6,Sim
2006,6,Sim
2010,6,Sim
2725,6,Sim
1509,6,Sim
2191,6,Sim
2192,6,Sim
3419,6,Sim
3421,6,Sim
770,6,Sim
796,6,Sim
1026,6,Sim
1030,6,Sim
1031,6,Sim
1033,6,Sim
1034,6,Sim
3755,6,Sim
1177,7,Sim
1291,7,Sim
1426,7,Sim
1511,7,Sim
1807,7,Sim
3050,7,Sim
3098,7,Sim
3123,7,Sim
3224,7,Sim
3406,7,Sim
3407,7,Sim
3597,7,Sim
3599,7,Sim
4648,7,Sim
5040,7,Sim
507,7,Sim
964,7,Sim
1198,7,Sim
1225,7,Sim
1294,7,Sim
1395,7,Sim
1803,7,Sim
2931,7,Sim
3012,7,Sim
6112,7,Sim
1057,7,Sim
1061,7,Sim
1139,7,Sim
1201,7,Sim
1215,7,Sim
1425,7,Sim
1804,7,Sim
1814,7,Sim
1817,7,Sim
1822,7,Sim
3091,7,Sim
4613,7,Sim
1233,7,Sim
1283,7,Sim
1285,7,Sim
1289,7,Sim
1292,7,Sim
1305,7,Sim
1308,7,Sim
1445,7,Sim
1453,7,Sim
1827,7,Sim
4598,7,Sim
6434,7,Sim
1208,7,Sim
1584,7,Sim
2795,7,Sim
3114,7,Sim
3119,7,Sim
3120,7,Sim
3546,7,Sim
3737,7,Sim
5077,7,Sim
1186,7,Sim
1190,7,Sim
2938,7,Sim
2976,7,Sim
3103,7,Sim
3106,7,Sim
3109,7,Sim
3543,7,Sim
3738,7,Sim
3740,7,Sim
3742,7,Sim
3743,7,Sim
3861,7,Sim
4684,7,Sim
729,7,Sim
762,7,Sim
1120,7,Sim
1261,7,Sim
1263,7,Sim
1267,7,Sim
1270,7,Sim
1338,7,Sim
1358,7,Sim
1367,7,Sim
1371,7,Sim
2471,7,Sim
3026,7,Sim
1336,7,Sim
512,7,Sim
519,7,Sim
522,7,Sim
1768,7,Sim
2193,7,Sim
3094,7,Sim
3097,7,Sim
3326,7,Sim
773,7,Sim
575,8,Sim
1451,8,Sim
2870,8,Sim
3099,8,Sim
3405,8,Sim
3594,8,Sim
3607,8,Sim
5917,8,Sim
931,8,Sim
1039,8,Sim
1043,8,Sim
1219,8,Sim
1448,8,Sim
2950,8,Sim
2954,8,Sim
3011,8,Sim
4653,8,Sim
6146,8,Sim
6148,8,Sim
1062,8,Sim
1084,8,Sim
1140,8,Sim
1277,8,Sim
1399,8,Sim
1824,8,Sim
3087,8,Sim
1108,8,Sim
1138,8,Sim
1234,8,Sim
517,8,Sim
1229,8,Sim
1286,8,Sim
1287,8,Sim
6436,8,Sim
6437,8,Sim
62,8,Sim
1740,8,Sim
1741,8,Sim
2586,8,Sim
2587,8,Sim
5080,8,Sim
5088,8,Sim
973,8,Sim
974,8,Sim
1188,8,Sim
2937,8,Sim
3018,8,Sim
3863,8,Sim
4640,8,Sim
5085,8,Sim
761,8,Sim
811,8,Sim
1010,8,Sim
1013,8,Sim
1122,8,Sim
1268,8,Sim
1368,8,Sim
2572,8,Sim
1513,8,Sim
2188,8,Sim
2194,8,Sim
3327,8,Sim
3329,8,Sim
3394,8,Sim
3420,8,Sim
771,8,Sim
772,8,Sim
774,8,Sim
797,8,Sim
1428,9,Sim
1815,9,Sim
1825,9,Sim
2017,9,Sim
2603,9,Sim
2604,9,Sim
2949,9,Sim
3401,9,Sim
3415,9,Sim
3595,9,Sim
537,9,Sim
963,9,Sim
969,9,Sim
970,9,Sim
1141,9,Sim
1281,9,Sim
1400,9,Sim
1449,9,Sim
2947,9,Sim
1353,9,Sim
1355,9,Sim
1091,9,Sim
1093,9,Sim
1200,9,Sim
1329,9,Sim
63,9,Sim
64,9,Sim
501,9,Sim
756,9,Sim
1187,9,Sim
2545,9,Sim
2980,9,Sim
3007,9,Sim
3549,9,Sim
649,9,Sim
1121,9,Sim
2004,9,Sim
488,9,Sim
1331,9,Sim
1482,9,Sim
1508,9,Sim
2186,9,Sim
2477,9,Sim
3323,9,Sim
184,10,Sim
525,10,Sim
704,10,Sim
1514,10,Sim
1836,10,Sim
2015,10,Sim
2836,10,Sim
3403,10,Sim
3413,10,Sim
518,10,Sim
961,10,Sim
1307,10,Sim
2951,10,Sim
1107,10,Sim
6406,10,Sim
1577,10,Sim
1585,10,Sim
2546,10,Sim
2583,10,Sim
2703,10,Sim
2704,10,Sim
506,10,Sim
954,10,Sim
1588,10,Sim
2934,10,Sim
2936,10,Sim
3744,10,Sim
540,10,Sim
1011,10,Sim
1127,10,Sim
1271,10,Sim
1370,10,Sim
521,10,Sim
1573,10,Sim
2850,10,Sim
2851,10,Sim
720,11,Sim
2018,11,Sim
2599,11,Sim
2600,11,Sim
2601,11,Sim
2602,11,Sim
2801,11,Sim
2867,11,Sim
2871,11,Sim
1041,11,Sim
2948,11,Sim
1089,11,Sim
65,11,Sim
645,11,Sim
652,11,Sim
1576,11,Sim
1742,11,Sim
1802,11,Sim
2706,11,Sim
2978,11,Sim
2979,11,Sim
473,11,Sim
1014,11,Sim
580,11,Sim
816,11,Sim
2856,11,Sim
3093,11,Sim
866,12,Sim
1819,12,Sim
1828,12,Sim
2530,12,Sim
2598,12,Sim
918,12,Sim
1218,12,Sim
1582,12,Sim
1736,12,Sim
945,12,Sim
955,12,Sim
523,12,Sim
1017,12,Sim
1481,12,Sim
49,13,Sim
631,13,Sim
827,13,Sim
2606,13,Sim
6071,13,Sim
826,13,Sim
1459,13,Sim
1593,13,Sim
2705,13,Sim
2707,13,Sim
1131,13,Sim
1132,13,Sim
2185,13,Sim
2429,13,Sim
1832,14,Sim
1837,14,Sim
2807,14,Sim
5247,14,Sim
1580,14,Sim
1583,14,Sim
2484,14,Sim
527,14,Sim
1333,14,Sim
1375,14,Sim
2478,14,Sim
2479,14,Sim
12,15,Sim
829,15,Sim
1829,15,Sim
2597,15,Sim
2905,15,Sim
508,15,Sim
531,15,Sim
1738,15,Sim
2702,15,Sim
615,15,Sim
858,15,Sim
1016,15,Sim
2535,15,Sim
2848,15,Sim
2854,15,Sim
705,16,Sim
869,16,Sim
1830,16,Sim
1835,16,Sim
2608,16,Sim
6128,16,Sim
660,16,Sim
822,16,Sim
1207,16,Sim
1018,16,Sim
2812,16,Sim
2852,16,Sim
2904,16,Sim
644,17,Sim
607,17,Sim
737,17,Sim
2847,17,Sim
755,18,Sim
806,18,Sim
715,18,Sim
863,19,Sim
3514,20,Sim
581,21,Sim
1377,21,Sim
249,22,Sim
608,22,Sim
490,23,Sim
611,23,Sim
6580,1,Sim
6314,2,Sim
6315,2,Sim
6316,2,Sim
6317,2,Sim
6319,2,Sim
6323,2,Sim
6324,2,Sim
6632,2,Sim
6563,2,Sim
6564,2,Sim
6573,2,Sim
6574,2,Sim
6579,2,Sim
6583,2,Sim
6021,2,Sim
6040,2,Sim
6048,2,Sim
6052,2,Sim
6053,2,Sim
6055,2,Sim
6070,2,Sim
6013,2,Sim
6025,2,Sim
6620,2,Sim
6641,2,Sim
6498,2,Sim
6500,2,Sim
6506,2,Sim
6508,2,Sim
6509,2,Sim
6517,2,Sim
6518,2,Sim
6519,2,Sim
6521,2,Sim
6522,2,Sim
6527,2,Sim
6529,2,Sim
6551,2,Sim
6649,2,Sim
6650,2,Sim
6652,2,Sim
6655,2,Sim
6658,2,Sim
6659,2,Sim
6660,2,Sim
6661,2,Sim
6668,2,Sim
6671,2,Sim
6673,2,Sim
6675,2,Sim
6687,2,Sim
6701,2,Sim
6706,2,Sim
6722,2,Sim
6286,3,Sim
4552,3,Sim
6627,3,Sim
6635,3,Sim
6636,3,Sim
476,3,Sim
5923,3,Sim
5924,3,Sim
5925,3,Sim
5928,3,Sim
5929,3,Sim
5944,3,Sim
5948,3,Sim
5994,3,Sim
6056,3,Sim
6162,3,Sim
6163,3,Sim
6172,3,Sim
6209,3,Sim
6238,3,Sim
6241,3,Sim
6246,3,Sim
6254,3,Sim
6255,3,Sim
6256,3,Sim
6300,3,Sim
4587,3,Sim
4596,3,Sim
6604,3,Sim
6605,3,Sim
6609,3,Sim
6622,3,Sim
6844,3,Sim
6914,3,Sim
6926,3,Sim
6928,3,Sim
6930,3,Sim
6936,3,Sim
4256,3,Sim
4289,3,Sim
4293,3,Sim
4296,3,Sim
3255,4,Sim
5985,4,Sim
6001,4,Sim
6054,4,Sim
6089,4,Sim
6293,4,Sim
6376,4,Sim
6380,4,Sim
6382,4,Sim
6383,4,Sim
3247,4,Sim
6908,4,Sim
6921,4,Sim
6922,4,Sim
6924,4,Sim
5807,4,Sim
468,4,Sim
480,4,Sim
1036,4,Sim
3239,4,Sim
3243,4,Sim
3248,4,Sim
3614,4,Sim
3015,4,Sim
5987,4,Sim
6063,4,Sim
1163,4,Sim
5986,4,Sim
5988,4,Sim
6050,4,Sim
3125,4,Sim
3219,4,Sim
4559,4,Sim
5993,4,Sim
6043,4,Sim
6074,4,Sim
6299,4,Sim
6390,4,Sim
6391,4,Sim
3229,4,Sim
3261,4,Sim
4586,4,Sim
4588,4,Sim
4605,4,Sim
4619,4,Sim
6643,4,Sim
6788,4,Sim
6791,4,Sim
6798,4,Sim
6838,4,Sim
2626,4,Sim
6388,5,Sim
6811,5,Sim
6858,5,Sim
5794,5,Sim
4295,5,Sim
2805,5,Sim
1155,5,Sim
3245,5,Sim
3252,5,Sim
3253,5,Sim
5982,5,Sim
4603,5,Sim
1238,5,Sim
4572,5,Sim
4575,5,Sim
6841,5,Sim
3512,5,Sim
5776,5,Sim
5825,5,Sim
5827,5,Sim
5830,5,Sim
5839,5,Sim
3881,5,Sim
3233,6,Sim
3251,6,Sim
6236,6,Sim
6272,6,Sim
5749,6,Sim
5750,6,Sim
5754,6,Sim
5760,6,Sim
5761,6,Sim
5762,6,Sim
5769,6,Sim
5770,6,Sim
5773,6,Sim
5775,6,Sim
5779,6,Sim
5781,6,Sim
5785,6,Sim
5786,6,Sim
5793,6,Sim
5795,6,Sim
5800,6,Sim
5802,6,Sim
5826,6,Sim
3548,6,Sim
3550,6,Sim
3551,6,Sim
1958,6,Sim
1029,6,Sim
1032,6,Sim
635,6,Sim
3122,6,Sim
3226,6,Sim
3228,6,Sim
3600,6,Sim
3603,6,Sim
3124,6,Sim
5978,6,Sim
1153,6,Sim
3126,6,Sim
3127,6,Sim
1222,6,Sim
1224,6,Sim
4584,6,Sim
3115,6,Sim
3848,6,Sim
795,6,Sim
3230,7,Sim
3256,7,Sim
3008,7,Sim
1110,7,Sim
1137,7,Sim
4561,7,Sim
3111,7,Sim
1782,7,Sim
1955,7,Sim
2005,7,Sim
3418,7,Sim
3048,7,Sim
3602,7,Sim
3610,7,Sim
3612,7,Sim
1352,7,Sim
2953,7,Sim
4618,7,Sim
5979,7,Sim
1059,7,Sim
1060,7,Sim
1343,7,Sim
4578,7,Sim
1156,7,Sim
5091,7,Sim
3105,7,Sim
3110,7,Sim
3118,7,Sim
5084,7,Sim
646,7,Sim
3328,7,Sim
3330,7,Sim
3331,7,Sim
3332,7,Sim
3333,7,Sim
965,8,Sim
3092,8,Sim
1345,8,Sim
5095,8,Sim
3107,8,Sim
1373,8,Sim
3232,8,Sim
2952,8,Sim
1228,8,Sim
5068,8,Sim
1128,8,Sim
1360,8,Sim
2700,8,Sim
3874,9,Sim
1348,9,Sim
1354,9,Sim
3113,9,Sim
5064,9,Sim
1369,9,Sim
3399,9,Sim
3408,9,Sim
4649,9,Sim
1356,9,Sim
2438,9,Sim
5081,9,Sim
1586,9,Sim
4659,9,Sim
656,9,Sim
784,9,Sim
785,9,Sim
959,10,Sim
968,10,Sim
1050,10,Sim
3046,10,Sim
3049,10,Sim
3086,10,Sim
3089,10,Sim
3735,10,Sim
647,10,Sim
1221,10,Sim
3411,10,Sim
3596,10,Sim
1038,10,Sim
1044,10,Sim
2946,10,Sim
5087,10,Sim
3541,10,Sim
3547,10,Sim
3864,10,Sim
1273,10,Sim
1337,10,Sim
3112,11,Sim
3538,11,Sim
648,11,Sim
1484,11,Sim
2196,11,Sim
3335,11,Sim
3404,11,Sim
3409,11,Sim
3412,11,Sim
3414,11,Sim
1458,11,Sim
2701,11,Sim
3854,11,Sim
5086,11,Sim
3393,11,Sim
1461,11,Sim
960,12,Sim
1515,12,Sim
929,12,Sim
2935,12,Sim
3536,12,Sim
3540,12,Sim
3545,12,Sim
1012,12,Sim
2184,12,Sim
2187,12,Sim
1266,12,Sim
1372,13,Sim
1124,13,Sim
1264,13,Sim
1265,13,Sim
1485,13,Sim
1587,13,Sim
1269,13,Sim
868,14,Sim
2806,14,Sim
2584,14,Sim
1272,14,Sim
1022,14,Sim
2019,14,Sim
1460,14,Sim
3032,14,Sim
1834,15,Sim
967,15,Sim
1021,15,Sim
2189,15,Sim
2190,15,Sim
45,15,Sim
46,15,Sim
1457,15,Sim
1578,15,Sim
1579,15,Sim
1739,15,Sim
2547,15,Sim
1483,15,Sim
2857,15,Sim
867,16,Sim
757,16,Sim
1833,16,Sim
1839,16,Sim
930,16,Sim
1737,16,Sim
505,16,Sim
2849,16,Sim
2853,16,Sim
3030,17,Sim
48,17,Sim
944,17,Sim
812,18,Sim
2428,18,Sim
2534,18,Sim
2802,18,Sim
630,19,Sim
2016,19,Sim
481,19,Sim
778,19,Sim
13,20,Sim
794,21,Sim
823,21,Sim
714,23,Sim
727,24,Sim
609,25,Sim
6012,2,Sim
6067,2,Sim
6484,2,Sim
6676,2,Sim
6680,2,Sim
6681,2,Sim
6682,2,Sim
6683,2,Sim
6685,2,Sim
6686,2,Sim
6688,2,Sim
6691,2,Sim
6692,2,Sim
6694,2,Sim
6695,2,Sim
6696,2,Sim
6698,2,Sim
6700,2,Sim
6703,2,Sim
6002,3,Sim
6038,3,Sim
6535,3,Sim
6541,3,Sim
6543,3,Sim
6549,3,Sim
6302,3,Sim
5926,3,Sim
5927,3,Sim
5931,3,Sim
5934,3,Sim
5965,3,Sim
6240,3,Sim
6092,3,Sim
6007,4,Sim
5072,4,Sim
6057,4,Sim
6084,4,Sim
6088,4,Sim
6175,4,Sim
6000,4,Sim
6389,4,Sim
6402,4,Sim
6590,4,Sim
6918,4,Sim
6923,4,Sim
6935,4,Sim
3016,4,Sim
4164,4,Sim
5984,4,Sim
6047,4,Sim
6049,4,Sim
6062,4,Sim
6073,4,Sim
6039,4,Sim
4612,4,Sim
4617,4,Sim
6617,4,Sim
5759,4,Sim
6394,5,Sim
6618,5,Sim
6011,5,Sim
6015,5,Sim
6023,5,Sim
6036,5,Sim
6046,5,Sim
6282,5,Sim
6296,5,Sim
6400,5,Sim
6793,5,Sim
6190,5,Sim
6213,5,Sim
6262,5,Sim
6385,5,Sim
6386,5,Sim
6587,5,Sim
6842,5,Sim
6843,5,Sim
6883,5,Sim
6884,5,Sim
6886,5,Sim
6897,5,Sim
6898,5,Sim
6927,5,Sim
5792,5,Sim
3609,5,Sim
4621,5,Sim
4650,5,Sim
5973,5,Sim
6072,5,Sim
6203,5,Sim
6263,5,Sim
4590,5,Sim
4609,5,Sim
4652,5,Sim
6051,5,Sim
828,5,Sim
4592,5,Sim
4594,5,Sim
6592,5,Sim
6593,5,Sim
6846,5,Sim
6849,5,Sim
6889,6,Sim
6226,6,Sim
6030,6,Sim
6171,6,Sim
6273,6,Sim
6607,6,Sim
6783,6,Sim
6786,6,Sim
6797,6,Sim
6822,6,Sim
5059,6,Sim
4595,6,Sim
6834,6,Sim
5803,6,Sim
5804,6,Sim
5810,6,Sim
5817,6,Sim
5819,6,Sim
5828,6,Sim
5833,6,Sim
636,6,Sim
2474,7,Sim
6180,7,Sim
3611,7,Sim
4167,7,Sim
6634,7,Sim
6795,7,Sim
6824,7,Sim
3267,7,Sim
3605,7,Sim
3606,7,Sim
3608,7,Sim
4582,7,Sim
4610,7,Sim
3866,7,Sim
3117,8,Sim
1135,8,Sim
1136,8,Sim
2009,8,Sim
2490,8,Sim
3417,8,Sim
3101,8,Sim
5976,8,Sim
5980,8,Sim
2855,8,Sim
3116,9,Sim
3613,9,Sim
3324,10,Sim
4651,10,Sim
2489,10,Sim
971,10,Sim
3047,11,Sim
3855,12,Sim
3095,12,Sim
657,13,Sim
2182,13,Sim
3031,13,Sim
2977,14,Sim
966,15,Sim
68,15,Sim
1743,15,Sim
1015,15,Sim
1019,16,Sim
1600,16,Sim
2803,17,Sim
1376,18,Sim
1020,18,Sim
2437,19,Sim
924,20,Sim
926,21,Sim
925,21,Sim
736,22,Sim
6697,2,Sim
6704,2,Sim
6705,2,Sim
6707,2,Sim
6708,2,Sim
6709,2,Sim
6710,2,Sim
6711,2,Sim
6713,2,Sim
6537,4,Sim
6542,4,Sim
6546,4,Sim
6554,4,Sim
6555,4,Sim
6558,4,Sim
6562,4,Sim
6565,4,Sim
6568,4,Sim
6569,4,Sim
6570,4,Sim
6584,4,Sim
5930,4,Sim
5932,4,Sim
5938,4,Sim
6533,4,Sim
6538,4,Sim
6539,4,Sim
6548,4,Sim
6550,4,Sim
6557,4,Sim
6560,4,Sim
6578,4,Sim
6184,4,Sim
6009,4,Sim
6081,4,Sim
5083,5,Sim
5835,5,Sim
6387,5,Sim
463,5,Sim
469,5,Sim
471,5,Sim
472,5,Sim
6080,5,Sim
5997,5,Sim
6020,5,Sim
6032,5,Sim
6019,5,Sim
6059,5,Sim
6082,5,Sim
6392,5,Sim
4616,5,Sim
6799,6,Sim
6802,6,Sim
6087,6,Sim
5991,6,Sim
6625,6,Sim
6837,6,Sim
5061,6,Sim
6221,6,Sim
4611,6,Sim
5790,6,Sim
5812,6,Sim
6178,6,Sim
6277,6,Sim
6281,6,Sim
6287,6,Sim
6899,6,Sim
6199,6,Sim
6003,6,Sim
6275,6,Sim
5755,7,Sim
5082,7,Sim
5092,7,Sim
6283,7,Sim
5753,7,Sim
5757,7,Sim
5765,7,Sim
5766,7,Sim
5767,7,Sim
5797,7,Sim
5806,7,Sim
5808,7,Sim
5818,7,Sim
5821,7,Sim
5822,7,Sim
5823,7,Sim
5824,7,Sim
5829,7,Sim
5831,7,Sim
5836,7,Sim
5837,7,Sim
5841,7,Sim
6261,7,Sim
6264,7,Sim
5752,7,Sim
5748,7,Sim
5756,7,Sim
5764,7,Sim
5778,7,Sim
5783,7,Sim
5842,7,Sim
1359,7,Sim
5977,7,Sim
4607,8,Sim
5056,8,Sim
5069,8,Sim
2491,8,Sim
3745,9,Sim
3856,9,Sim
4680,9,Sim
3542,9,Sim
4682,10,Sim
5070,10,Sim
5094,10,Sim
4679,10,Sim
5076,10,Sim
3325,10,Sim
5067,10,Sim
5066,11,Sim
4683,11,Sim
5057,11,Sim
3096,13,Sim
817,26,Sim
6712,3,Sim
6716,3,Sim
6718,3,Sim
6719,3,Sim
6720,3,Sim
6721,3,Sim
6723,3,Sim
6725,3,Sim
6726,3,Sim
6727,3,Sim
6728,3,Sim
6729,3,Sim
6731,3,Sim
6732,3,Sim
6733,3,Sim
6734,3,Sim
6735,3,Sim
6736,3,Sim
6737,3,Sim
6738,3,Sim
6739,3,Sim
6740,3,Sim
6741,3,Sim
6743,3,Sim
6744,3,Sim
6754,3,Sim
6755,3,Sim
6762,3,Sim
6763,3,Sim
6765,3,Sim
6766,3,Sim
6768,3,Sim
6773,3,Sim
6775,3,Sim
6777,3,Sim
6782,3,Sim
2472,4,Sim
4294,4,Sim
5920,4,Sim
5933,4,Sim
5935,4,Sim
5937,4,Sim
5940,4,Sim
5941,4,Sim
5943,4,Sim
5949,4,Sim
5951,4,Sim
5952,4,Sim
5953,4,Sim
5954,4,Sim
5962,4,Sim
5964,4,Sim
6581,4,Sim
5960,4,Sim
6229,4,Sim
6210,5,Sim
462,5,Sim
465,5,Sim
467,5,Sim
470,5,Sim
479,5,Sim
6640,5,Sim
5999,6,Sim
6016,6,Sim
6090,6,Sim
6257,6,Sim
6807,6,Sim
6818,6,Sim
6825,6,Sim
6585,6,Sim
6202,6,Sim
6022,6,Sim
5093,6,Sim
6828,6,Sim
5751,6,Sim
6265,6,Sim
6260,6,Sim
6602,7,Sim
6612,7,Sim
6615,7,Sim
6601,7,Sim
6616,7,Sim
6638,7,Sim
6193,7,Sim
5079,7,Sim
6598,7,Sim
6623,7,Sim
5814,7,Sim
5816,7,Sim
5074,7,Sim
5813,7,Sim
5981,8,Sim
3857,8,Sim
5063,8,Sim
5078,8,Sim
5090,8,Sim
3858,9,Sim
5054,9,Sim
5071,9,Sim
5089,9,Sim
5055,9,Sim
659,9,Sim
4681,9,Sim
5058,10,Sim
6742,3,Sim
6745,3,Sim
6746,3,Sim
6758,3,Sim
6760,3,Sim
6771,3,Sim
6776,3,Sim
6778,3,Sim
6779,3,Sim
6780,3,Sim
6781,3,Sim
5936,4,Sim
5942,4,Sim
5950,4,Sim
5961,4,Sim
5966,4,Sim
5956,5,Sim
6024,5,Sim
6031,5,Sim
6034,5,Sim
6041,5,Sim
6168,5,Sim
6826,6,Sim
6271,6,Sim
6216,6,Sim
6219,6,Sim
6245,6,Sim
6045,6,Sim
5768,6,Sim
6170,6,Sim
6289,6,Sim
6083,7,Sim
6195,7,Sim
6198,7,Sim
4615,7,Sim
6005,7,Sim
6608,7,Sim
6610,7,Sim
6266,7,Sim
6401,7,Sim
6091,7,Sim
6079,7,Sim
6173,7,Sim
6405,7,Sim
6589,7,Sim
6378,7,Sim
6279,7,Sim
6294,7,Sim
6217,7,Sim
6242,7,Sim
6078,7,Sim
5791,7,Sim
5799,7,Sim
5805,7,Sim
5811,7,Sim
5838,7,Sim
5840,7,Sim
6227,8,Sim
6077,8,Sim
6243,8,Sim
4166,8,Sim
5975,9,Sim
634,10,Sim
6749,3,Sim
6751,3,Sim
6753,3,Sim
6756,3,Sim
6757,3,Sim
5939,4,Sim
5946,5,Sim
6176,6,Sim
6258,7,Sim
6014,7,Sim
6027,7,Sim
6182,7,Sim
6596,7,Sim
6164,7,Sim
6058,7,Sim
6234,7,Sim
6225,7,Sim
6061,8,Sim
6179,8,Sim
6233,8,Sim
6169,8,Sim
6197,9,Sim
6200,9,Sim
5947,5,Sim
466,6,Sim
6214,7,Sim
6597,7,Sim
6606,7,Sim
6812,7,Sim
6320,8,Sim
6228,8,Sim
6204,8,Sim
6205,8,Sim
6208,8,Sim
6223,8,Sim
6235,8,Sim
6212,8,Sim
6220,8,Sim
6222,8,Sim
6232,8,Sim
6194,9,Sim
5963,5,Sim
4290,5,Sim
6633,7,Sim
6644,7,Sim
6787,8,Sim
6809,8,Sim
6832,8,Sim
6237,8,Sim
6252,8,Sim
6253,8,Sim
478,10,Sim
464,10,Sim
6624,8,Sim
6789,8,Sim
6395,8,Sim
6621,9,Sim
6631,9,Sim
6833,9,Sim
6835,9,Sim
